INSERT INTO merchant (id, name_zh, name_en, name_ms, phone, address)
VALUES
  (1, '吉隆坡示例餐厅', 'KL Demo Restaurant', 'Restoran Demo KL', '+60 12-345 6789', 'Jalan Bukit Bintang, Kuala Lumpur'),
  (2, '槟城海峡餐饮', 'Penang Straits Dining', 'Restoran Selat Pulau Pinang', '+60 16-222 8899', 'George Town, Penang')
ON DUPLICATE KEY UPDATE name_zh = VALUES(name_zh), name_en = VALUES(name_en), name_ms = VALUES(name_ms),
                        phone = VALUES(phone), address = VALUES(address);

INSERT INTO merchant_store (id, merchant_id, code, name, phone, address, status)
VALUES
  (11, 1, 'KL-BB', 'Bukit Bintang Store', '+60 12-345 6789', 'Jalan Bukit Bintang, Kuala Lumpur', 'ACTIVE'),
  (12, 1, 'KL-PJ', 'Petaling Jaya Store', '+60 12-345 6790', 'Jalan SS2, Petaling Jaya', 'ACTIVE'),
  (21, 2, 'PG-GT', 'George Town Store', '+60 16-222 8899', 'Lebuh Kimberley, George Town', 'ACTIVE'),
  (22, 2, 'PG-BW', 'Butterworth Store', '+60 16-222 8800', 'Jalan Raja Uda, Butterworth', 'ACTIVE')
ON DUPLICATE KEY UPDATE name = VALUES(name), phone = VALUES(phone), address = VALUES(address), status = VALUES(status);

INSERT INTO dining_table (id, merchant_id, store_id, area, table_no, max_people, status, current_people, opened_at, current_order_id)
VALUES
  (101, 1, 11, 'Hall', 'A01', 4, 'EMPTY', 0, NULL, NULL),
  (102, 1, 11, 'Hall', 'A02', 6, 'EMPTY', 0, NULL, NULL),
  (103, 1, 11, 'Room', 'B01', 10, 'EMPTY', 0, NULL, NULL),
  (104, 1, 12, 'Hall', 'P01', 4, 'EMPTY', 0, NULL, NULL),
  (105, 1, 12, 'Hall', 'P02', 6, 'DINING', 3, CURRENT_TIMESTAMP, NULL),
  (106, 1, 12, 'Room', 'P03', 8, 'EMPTY', 0, NULL, NULL),
  (201, 2, 21, 'Hall', 'G01', 4, 'EMPTY', 0, NULL, NULL),
  (202, 2, 21, 'Hall', 'G02', 6, 'PENDING_CHECKOUT', 4, CURRENT_TIMESTAMP, NULL),
  (203, 2, 22, 'Sea View', 'B01', 4, 'EMPTY', 0, NULL, NULL),
  (204, 2, 22, 'Sea View', 'B02', 8, 'EMPTY', 0, NULL, NULL)
ON DUPLICATE KEY UPDATE area = VALUES(area), max_people = VALUES(max_people);

INSERT INTO dish_category (id, merchant_id, store_id, name_zh, name_en, name_ms, sort_no)
VALUES
  (201, 1, 11, '主食', 'Rice & Noodles', 'Nasi & Mi', 1),
  (202, 1, 11, '饮品', 'Drinks', 'Minuman', 2),
  (203, 1, 12, '主食', 'Rice & Noodles', 'Nasi & Mi', 1),
  (204, 1, 12, '饮品', 'Drinks', 'Minuman', 2),
  (211, 2, 21, '海鲜', 'Seafood', 'Makanan laut', 1),
  (212, 2, 21, '饮品', 'Drinks', 'Minuman', 2),
  (221, 2, 22, '特色菜', 'Signature', 'Istimewa', 1),
  (222, 2, 22, '甜品', 'Desserts', 'Pencuci mulut', 2)
ON DUPLICATE KEY UPDATE name_zh = VALUES(name_zh), name_en = VALUES(name_en), name_ms = VALUES(name_ms),
                        sort_no = VALUES(sort_no);

INSERT INTO dish (id, merchant_id, store_id, category_id, name_zh, name_en, name_ms, description_zh, description_en, description_ms,
                  image_url, price, spec, stock, enabled)
VALUES
  (301, 1, 11, 201, '椰浆饭', 'Nasi Lemak', 'Nasi Lemak', '经典椰浆饭', 'Classic coconut rice', 'Nasi kelapa klasik',
   '/images/nasi-lemak.jpg', 12.80, 'plate', 80, 1),
  (302, 1, 11, 201, '炒粿条', 'Char Kway Teow', 'Char Kway Teow', '镬气炒粉', 'Wok-fried flat noodles', 'Mi leper goreng',
   '/images/char-kway-teow.jpg', 15.50, 'plate', 60, 1),
  (303, 1, 11, 202, '拉茶', 'Teh Tarik', 'Teh Tarik', '热/冷可选', 'Hot or iced', 'Panas atau ais',
   '/images/teh-tarik.jpg', 4.80, 'cup', 200, 1),
  (304, 1, 12, 203, '鸡饭', 'Chicken Rice', 'Nasi Ayam', '门店招牌鸡饭', 'Store signature chicken rice', 'Nasi ayam istimewa',
   '/images/chicken-rice.jpg', 13.80, 'plate', 100, 1),
  (305, 1, 12, 204, '柠檬茶', 'Lemon Tea', 'Teh Lemon', '冰饮', 'Iced drink', 'Minuman ais',
   '/images/lemon-tea.jpg', 5.20, 'cup', 180, 1),
  (311, 2, 21, 211, '叻沙', 'Assam Laksa', 'Laksa Asam', '槟城风味', 'Penang style', 'Gaya Pulau Pinang',
   '/images/laksa.jpg', 14.90, 'bowl', 70, 1),
  (312, 2, 21, 211, '咖喱鱼头', 'Curry Fish Head', 'Kari Kepala Ikan', '适合分享', 'For sharing', 'Untuk berkongsi',
   '/images/fish-head.jpg', 38.00, 'pot', 30, 1),
  (313, 2, 21, 212, '豆蔻水', 'Nutmeg Juice', 'Jus Pala', '槟城饮品', 'Penang drink', 'Minuman Pulau Pinang',
   '/images/nutmeg.jpg', 6.00, 'cup', 120, 1),
  (321, 2, 22, 221, '福建面', 'Hokkien Mee', 'Mee Hokkien', '虾汤面', 'Prawn noodle soup', 'Sup mi udang',
   '/images/hokkien-mee.jpg', 12.50, 'bowl', 90, 1),
  (322, 2, 22, 222, '煎蕊', 'Cendol', 'Cendol', '冰甜品', 'Iced dessert', 'Pencuci mulut ais',
   '/images/cendol.jpg', 5.80, 'bowl', 100, 1)
ON DUPLICATE KEY UPDATE category_id = VALUES(category_id), name_zh = VALUES(name_zh), name_en = VALUES(name_en),
                        name_ms = VALUES(name_ms), description_zh = VALUES(description_zh),
                        description_en = VALUES(description_en), description_ms = VALUES(description_ms),
                        image_url = VALUES(image_url), price = VALUES(price), spec = VALUES(spec),
                        stock = VALUES(stock), enabled = VALUES(enabled);

INSERT INTO printer (id, merchant_id, store_id, name, type, ip, port, enabled)
VALUES
  (401, 1, 11, 'Kitchen WiFi Printer', 'KITCHEN', '192.168.1.7', 9100, 1),
  (402, 1, 11, 'Front Desk Printer', 'FRONT_DESK', '192.168.1.7', 9100, 1),
  (403, 1, 12, 'PJ Kitchen Printer', 'KITCHEN', '192.168.2.60', 9100, 1),
  (404, 1, 12, 'PJ Front Desk Printer', 'FRONT_DESK', '192.168.2.61', 9100, 1),
  (411, 2, 21, 'George Town Kitchen', 'KITCHEN', '192.168.3.60', 9100, 1),
  (412, 2, 21, 'George Town Front Desk', 'FRONT_DESK', '192.168.3.61', 9100, 1),
  (421, 2, 22, 'Butterworth Kitchen', 'KITCHEN', '192.168.4.60', 9100, 1)
ON DUPLICATE KEY UPDATE name = VALUES(name), type = VALUES(type), ip = VALUES(ip), port = VALUES(port),
                        enabled = VALUES(enabled);

INSERT INTO sys_i18n (id, i18n_key, zh_cn, en_us, ms_my, remark)
VALUES
  (1001, 'login_title', '马来西亚餐饮点餐系统', 'Malaysia Restaurant Ordering', 'Sistem Pesanan Restoran Malaysia', '登录标题'),
  (1002, 'common_confirm', '确认', 'Confirm', 'Sahkan', '通用确认'),
  (1003, 'common_cancel', '取消', 'Cancel', 'Batal', '通用取消'),
  (1004, 'common_success', '操作成功', 'Success', 'Berjaya', '通用成功'),
  (1005, 'table_status_empty', '空闲', 'Empty', 'Kosong', '桌台状态'),
  (1006, 'table_status_dining', '就餐中', 'Dining', 'Sedang makan', '桌台状态'),
  (1007, 'table_status_pending_checkout', '待结账', 'Pending checkout', 'Menunggu bayaran', '桌台状态'),
  (1008, 'table_status_cleaning', '清理中', 'Cleaning', 'Pembersihan', '桌台状态'),
  (1000, 'table_status_reserved', '已预约', 'Reserved', 'Ditempah', '桌台状态'),
  (1009, 'order_submit', '提交订单', 'Submit order', 'Hantar pesanan', '订单提交'),
  (1010, 'checkout_title', '统一结账', 'Unified checkout', 'Bayaran bersepadu', '收银标题'),
  (1011, 'common_login', '登录', 'Login', 'Log masuk', '通用登录'),
  (1012, 'common_logout', '退出登录', 'Logout', 'Log keluar', '通用退出'),
  (1013, 'common_add', '新增', 'Add', 'Tambah', '通用新增'),
  (1014, 'common_export', '导出', 'Export', 'Eksport', '通用导出'),
  (1015, 'common_saved', '已保存', 'Saved', 'Disimpan', '保存成功'),
  (1016, 'login_account', '账号', 'Account', 'Akaun', '登录账号'),
  (1017, 'login_password', '密码', 'Password', 'Kata laluan', '登录密码'),
  (1018, 'cashier_login_title', '收银端登录', 'Cashier Login', 'Log Masuk Juruwang', '收银登录标题'),
  (1019, 'cashier_brand_line1', '前台收银', 'Cashier PC', 'PC Juruwang', '收银品牌'),
  (1020, 'cashier_brand_line2', '马来西亚 POS', 'Malaysia POS', 'POS Malaysia', '收银品牌'),
  (1021, 'cashier_open_bills', '待处理账单', 'Open Bills', 'Bil Belum Selesai', '收银统计'),
  (1022, 'cashier_reprint', '补打小票', 'Reprint', 'Cetak Semula', '收银补打'),
  (1023, 'cashier_paid_success', '结账成功', 'Paid', 'Bayaran berjaya', '结账成功'),
  (1024, 'cashier_print_submitted', '打印任务已提交', 'Print task submitted', 'Tugasan cetak dihantar', '打印提交'),
  (1025, 'table_no', '桌号', 'Table', 'Meja', '桌号'),
  (1026, 'order_label', '订单', 'Order', 'Pesanan', '订单标签'),
  (1027, 'order_status_pending_checkout', '待结账', 'Pending checkout', 'Menunggu bayaran', '订单状态'),
  (1028, 'order_status_served', '已上菜', 'Served', 'Telah dihidang', '订单状态'),
  (1029, 'order_status_paid', '已结账', 'Paid', 'Telah dibayar', '订单状态'),
  (1030, 'order_status_pending_kitchen', '待制作', 'Pending kitchen', 'Menunggu dapur', '订单状态'),
  (1031, 'order_status_cooking', '制作中', 'Cooking', 'Sedang dimasak', '订单状态'),
  (1032, 'order_status_cancelled', '已取消', 'Cancelled', 'Dibatalkan', '订单状态'),
  (1033, 'payment_reference_no', '交易参考号', 'Reference number', 'Nombor rujukan', '支付参考号'),
  (1034, 'payment_method_cash', '现金', 'Cash', 'Tunai', '支付方式'),
  (1035, 'payment_method_bank_card', '银行卡', 'Bank card', 'Kad bank', '支付方式'),
  (1036, 'payment_method_duitnow_qr', 'DuitNow QR', 'DuitNow QR', 'DuitNow QR', '支付方式'),
  (1037, 'payment_method_touch_n_go', 'Touch ''n Go', 'Touch ''n Go', 'Touch ''n Go', '支付方式'),
  (1038, 'payment_method_alipay_cross_border', '支付宝跨境', 'Alipay cross-border', 'Alipay rentas sempadan', '支付方式'),
  (1039, 'admin_login_title', '后台管理端登录', 'Admin Login', 'Log Masuk Admin', '管理端登录标题'),
  (1040, 'admin_brand_line1', '商户后台', 'Merchant Admin', 'Admin Peniaga', '管理端品牌'),
  (1041, 'admin_brand_line2', '餐饮系统', 'Restaurant OS', 'Sistem Restoran', '管理端品牌'),
  (1042, 'admin_menu_dashboard', '仪表盘', 'Dashboard', 'Papan pemuka', '管理菜单'),
  (1043, 'admin_menu_employees', '员工管理', 'Employees', 'Pekerja', '管理菜单'),
  (1044, 'admin_menu_tables', '桌台管理', 'Tables', 'Meja', '管理菜单'),
  (1045, 'admin_menu_categories', '分类管理', 'Categories', 'Kategori', '管理菜单'),
  (1046, 'admin_menu_dishes', '菜品管理', 'Dishes', 'Hidangan', '管理菜单'),
  (1047, 'admin_menu_orders', '订单管理', 'Orders', 'Pesanan', '管理菜单'),
  (1048, 'admin_menu_printers', '打印机管理', 'Printers', 'Pencetak', '管理菜单'),
  (1049, 'admin_menu_i18n', '多语言文案', 'I18n', 'Teks pelbagai bahasa', '管理菜单'),
  (1050, 'admin_menu_logs', '操作日志', 'Logs', 'Log operasi', '管理菜单'),
  (1051, 'dashboard_paid_orders', '已结账订单', 'Paid Orders', 'Pesanan dibayar', '仪表盘指标'),
  (1052, 'dashboard_today_orders', '今日订单', 'Today Orders', 'Pesanan hari ini', '仪表盘指标'),
  (1053, 'dashboard_revenue', '营业额', 'Revenue', 'Hasil jualan', '仪表盘指标'),
  (1054, 'dashboard_occupied_tables', '占用桌台', 'Occupied Tables', 'Meja digunakan', '仪表盘指标'),
  (1055, 'dashboard_dish_rank', '菜品销量排行', 'Dish Rank', 'Kedudukan hidangan', '仪表盘'),
  (1056, 'field_id', 'ID', 'ID', 'ID', '字段名'),
  (1057, 'field_merchant_id', '商户ID', 'Merchant ID', 'ID peniaga', '字段名'),
  (1058, 'field_username', '账号', 'Username', 'Nama pengguna', '字段名'),
  (1059, 'field_display_name', '显示名称', 'Display name', 'Nama paparan', '字段名'),
  (1060, 'field_role', '角色', 'Role', 'Peranan', '字段名'),
  (1061, 'field_enabled', '启用', 'Enabled', 'Aktif', '字段名'),
  (1062, 'field_area', '区域', 'Area', 'Kawasan', '字段名'),
  (1063, 'field_table_no', '桌号', 'Table No.', 'No. meja', '字段名'),
  (1064, 'field_max_people', '最大人数', 'Max people', 'Maks orang', '字段名'),
  (1065, 'field_status', '状态', 'Status', 'Status', '字段名'),
  (1066, 'field_current_people', '当前人数', 'Current people', 'Orang semasa', '字段名'),
  (1067, 'field_category_id', '分类ID', 'Category ID', 'ID kategori', '字段名'),
  (1068, 'field_name_zh', '中文名称', 'Chinese name', 'Nama Cina', '字段名'),
  (1069, 'field_name_en', '英文名称', 'English name', 'Nama Inggeris', '字段名'),
  (1070, 'field_name_ms', '马来名称', 'Malay name', 'Nama Melayu', '字段名'),
  (1071, 'field_price', '价格', 'Price', 'Harga', '字段名'),
  (1072, 'field_stock', '库存', 'Stock', 'Stok', '字段名'),
  (1073, 'field_type', '类型', 'Type', 'Jenis', '字段名'),
  (1074, 'field_ip', 'IP地址', 'IP address', 'Alamat IP', '字段名'),
  (1075, 'field_port', '端口', 'Port', 'Port', '字段名'),
  (1076, 'field_action', '操作', 'Action', 'Tindakan', '字段名'),
  (1077, 'field_detail', '详情', 'Detail', 'Butiran', '字段名'),
  (1078, 'field_created_at', '创建时间', 'Created at', 'Dicipta pada', '字段名'),
  (1079, 'login_hero_brand', 'YSHOP 意象 · 点餐系统', 'YSHOP Yixiang · Ordering System', 'YSHOP Yixiang · Sistem Pesanan', '登录横幅'),
  (1080, 'login_hero_badge', '商业版', 'Business', 'Bisnes', '登录横幅'),
  (1081, 'login_hero_title', '全面满足早餐、面馆、快餐、零食小吃等快捷点餐需求', 'Built for fast dine-in ordering across breakfast, noodles, quick service, and snacks', 'Dibina untuk pesanan pantas bagi sarapan, mi, servis cepat dan snek', '登录横幅'),
  (1082, 'login_hero_subtitle', '服务员点餐、收银结账、后台管理一体化', 'Waiter ordering, cashier checkout, and merchant admin in one system', 'Pesanan pelayan, bayaran juruwang dan admin peniaga dalam satu sistem', '登录横幅'),
  (1083, 'login_hero_stack', 'springboot3、vue3、flutter', 'springboot3, vue3, flutter', 'springboot3, vue3, flutter', '登录横幅'),
  (1084, 'cashier_menu_checkout', '收银结账', 'Checkout', 'Bayaran', '收银菜单'),
  (1085, 'cashier_menu_tables', '桌台', 'Tables', 'Meja', '收银菜单'),
  (1086, 'cashier_table_overview', '桌台看板', 'Table overview', 'Paparan meja', '桌台看板'),
  (1087, 'cashier_table_desc', '查看桌台状态、菜品明细，并处理转台、结账和小票打印', 'View table status and dishes, then handle transfer, checkout, and ticket printing', 'Lihat status meja dan hidangan, kemudian urus pindah meja, bayaran dan cetakan resit', '桌台看板'),
  (1088, 'cashier_total_tables', '全部桌台', 'All tables', 'Semua meja', '桌台统计'),
  (1089, 'cashier_occupied_tables', '占用桌台', 'Occupied tables', 'Meja digunakan', '桌台统计'),
  (1090, 'cashier_current_bill', '当前账单', 'Current bill', 'Bil semasa', '桌台账单'),
  (1091, 'cashier_table_items', '菜品明细', 'Dish items', 'Butiran hidangan', '桌台账单'),
  (1092, 'cashier_no_order', '暂无订单', 'No order', 'Tiada pesanan', '桌台账单'),
  (1093, 'cashier_transfer_table', '转台', 'Transfer table', 'Pindah meja', '桌台操作'),
  (1094, 'cashier_from_table', '原桌台', 'From table', 'Dari meja', '桌台操作'),
  (1095, 'cashier_to_table', '目标桌台', 'Target table', 'Meja sasaran', '桌台操作'),
  (1096, 'cashier_select_target_table', '请选择目标空闲桌台', 'Select an empty target table', 'Pilih meja sasaran yang kosong', '桌台操作'),
  (1097, 'cashier_transfer_success', '转台成功', 'Table transferred', 'Meja dipindahkan', '桌台操作'),
  (1098, 'cashier_print_bill', '打印账单', 'Print bill', 'Cetak bil', '桌台操作'),
  (1099, 'cashier_reprint_receipt', '补打收据', 'Reprint receipt', 'Cetak semula resit', '桌台操作'),
  (1169, 'cashier_return_dish', '退餐', 'Return dish', 'Pulangkan hidangan', '桌台操作'),
  (1170, 'cashier_return_success', '退餐成功', 'Dish returned', 'Hidangan dipulangkan', '桌台操作'),
  (1171, 'cashier_reserve_table', '预约', 'Reserve', 'Tempah', '桌台操作'),
  (1172, 'cashier_reservation_name', '预约人', 'Guest name', 'Nama tetamu', '预约字段'),
  (1173, 'cashier_reservation_phone', '预约电话', 'Phone', 'Telefon', '预约字段'),
  (1174, 'cashier_reservation_success', '预约成功', 'Reservation saved', 'Tempahan disimpan', '桌台操作'),
  (1175, 'common_refresh', '刷新', 'Refresh', 'Segar semula', '通用刷新'),
  (1176, 'cashier_clean_complete', '清理完毕', 'Cleaning complete', 'Selesai pembersihan', '桌台操作'),
  (1177, 'cashier_cancel_reservation', '取消预约', 'Cancel reservation', 'Batal tempahan', '桌台操作'),
  (1178, 'cashier_cancel_reservation_success', '已取消预约', 'Reservation cancelled', 'Tempahan dibatalkan', '桌台操作'),
  (1179, 'cashier_assist_order', '协助点餐', 'Assist order', 'Bantu pesan', '桌台操作'),
  (1180, 'cashier_order_drawer_title', '协助点餐', 'Assist order', 'Bantu pesan', '点餐抽屉'),
  (1181, 'cashier_people_count', '就餐人数', 'Guest count', 'Bilangan tetamu', '点餐字段'),
  (1182, 'cashier_select_dishes', '选择菜品', 'Select dishes', 'Pilih hidangan', '点餐字段'),
  (1183, 'cashier_cart', '已选菜品', 'Cart', 'Troli', '点餐字段'),
  (1184, 'cashier_submit_order', '提交订单', 'Submit order', 'Hantar pesanan', '点餐字段'),
  (1185, 'cashier_order_success', '下单成功', 'Order submitted', 'Pesanan dihantar', '点餐字段'),
  (1186, 'cashier_no_selected_dishes', '还没有选择菜品', 'No dishes selected', 'Belum pilih hidangan', '点餐字段'),
  (1187, 'dish_category_all', '全部', 'All', 'Semua', '菜品分类'),
  (1188, 'cashier_reservation_arrival_time', '到店时间', 'Arrival note', 'Catatan tiba', '预约字段'),
  (1189, 'cashier_reservation_detail', '预约信息', 'Reservation detail', 'Butiran tempahan', '预约字段'),
  (1190, 'cashier_menu_register', '收银台', 'Register', 'Kaunter', '收银菜单'),
  (1191, 'cashier_register_title', '收银台', 'Register', 'Kaunter', '收银台'),
  (1192, 'cashier_register_desc', '商品直接收银，适合外带、零售和无需占桌的快速结账', 'Direct product checkout for takeaway, retail, and quick sales without table occupancy', 'Bayaran terus untuk bawa pulang, jualan runcit dan jualan pantas tanpa meja', '收银台'),
  (1193, 'cashier_register_selected', '已选购', 'Selected', 'Dipilih', '收银台购物车'),
  (1194, 'cashier_register_clear', '清空', 'Clear', 'Kosongkan', '收银台购物车'),
  (1195, 'cashier_register_all_products', '全部商品', 'All products', 'Semua produk', '收银台商品'),
  (1196, 'cashier_register_search_placeholder', '输入商品关键字：商品名称', 'Search product name', 'Cari nama produk', '收银台商品'),
  (1197, 'cashier_register_checkout_now', '立即结账', 'Checkout now', 'Bayar sekarang', '收银台结账'),
  (1198, 'cashier_register_total_count', '总件数', 'Items', 'Jumlah item', '收银台购物车'),
  (1199, 'cashier_register_total_amount', '总金额', 'Total amount', 'Jumlah', '收银台购物车'),
  (1200, 'cashier_register_empty_cart', '还没有选择商品', 'No products selected', 'Belum pilih produk', '收银台购物车'),
  (1201, 'cashier_register_checkout_success', '收银成功', 'Checkout completed', 'Bayaran selesai', '收银台结账'),
  (1202, 'cashier_register_products', '商品列表', 'Products', 'Produk', '收银台商品'),
  (1203, 'cashier_register_cart', '购物车', 'Cart', 'Troli', '收银台购物车'),
  (1204, 'cashier_register_out_of_stock', '暂无库存', 'Out of stock', 'Stok habis', '收银台商品'),
  (1205, 'cashier_menu_orders', '订单', 'Orders', 'Pesanan', '收银菜单'),
  (1206, 'cashier_orders_title', '订单', 'Orders', 'Pesanan', '收银订单'),
  (1207, 'cashier_orders_desc', '仅展示当前门店订单，可查看详情并打印小票', 'Current store orders only, with detail view and ticket printing', 'Pesanan kedai semasa sahaja, dengan butiran dan cetakan resit', '收银订单'),
  (1208, 'cashier_order_detail_title', '订单详情', 'Order detail', 'Butiran pesanan', '收银订单'),
  (1209, 'cashier_order_print_slip', '打印小票', 'Print ticket', 'Cetak resit', '收银订单'),
  (1210, 'cashier_order_status_all', '全部状态', 'All statuses', 'Semua status', '收银订单'),
  (1211, 'field_waiter_name', '服务员', 'Waiter', 'Pelayan', '字段名'),
  (1212, 'field_remark', '备注', 'Remark', 'Catatan', '字段名'),
  (1213, 'field_updated_at', '更新时间', 'Updated at', 'Dikemas kini pada', '字段名'),
  (1214, 'order_status_draft', '草稿', 'Draft', 'Draf', '订单状态'),
  (1215, 'cashier_today_revenue', '今日营业额', 'Today revenue', 'Hasil hari ini', '收银统计'),
  (1216, 'cashier_today_orders', '今日订单数', 'Today orders', 'Pesanan hari ini', '收银统计'),
  (1217, 'cashier_pending_order_count', '待结账订单数', 'Pending orders', 'Pesanan belum selesai', '收银统计'),
  (1218, 'cashier_pending_amount', '当前待收金额', 'Pending amount', 'Jumlah belum kutip', '收银统计'),
  (1100, 'common_search', '查询', 'Search', 'Cari', '通用查询'),
  (1101, 'common_reset', '重置', 'Reset', 'Tetapkan semula', '通用重置'),
  (1102, 'common_operate', '操作', 'Actions', 'Tindakan', '通用操作'),
  (1103, 'field_order_id', '订单号', 'Order ID', 'ID pesanan', '字段名'),
  (1104, 'field_total_amount', '金额', 'Amount', 'Jumlah', '字段名'),
  (1105, 'field_quantity', '数量', 'Quantity', 'Kuantiti', '字段名'),
  (1106, 'field_unit_price', '单价', 'Unit price', 'Harga unit', '字段名'),
  (1107, 'login_method_password', '账号密码登录', 'Password login', 'Log masuk kata laluan', '登录方式'),
  (1108, 'login_method_sms', '手机号登录', 'Phone login', 'Log masuk telefon', '登录方式'),
  (1109, 'login_captcha', '验证码', 'Captcha', 'Kod pengesahan', '登录验证码'),
  (1110, 'login_captcha_placeholder', '请输入计算结果', 'Enter the answer', 'Masukkan jawapan', '登录验证码'),
  (1111, 'login_phone', '手机号', 'Phone number', 'Nombor telefon', '手机号'),
  (1112, 'login_sms_code', '短信验证码', 'SMS code', 'Kod SMS', '短信验证码'),
  (1113, 'login_send_sms', '发送验证码', 'Send code', 'Hantar kod', '短信验证码'),
  (1114, 'login_sms_sent', '验证码已发送', 'Code sent', 'Kod telah dihantar', '短信验证码'),
  (1115, 'login_sms_debug', '测试验证码', 'Test code', 'Kod ujian', '短信验证码'),
  (1116, 'admin_menu_users', '用户管理', 'Users', 'Pengguna', '平台菜单'),
  (1117, 'admin_menu_merchants', '商户管理', 'Merchants', 'Peniaga', '平台菜单'),
  (1118, 'admin_menu_stores', '门店管理', 'Stores', 'Kedai', '平台菜单'),
  (1119, 'admin_context_identity', '当前身份', 'Current identity', 'Identiti semasa', '管理上下文'),
  (1120, 'admin_context_all_merchants', '全部商户', 'All merchants', 'Semua peniaga', '管理上下文'),
  (1121, 'admin_context_all_stores', '全部门店', 'All stores', 'Semua kedai', '管理上下文'),
  (1122, 'admin_platform_scope', '平台', 'Platform', 'Platform', '管理上下文'),
  (1123, 'field_merchant_name', '商户名称', 'Merchant', 'Peniaga', '字段名'),
  (1124, 'field_store_id', '门店ID', 'Store ID', 'ID kedai', '字段名'),
  (1125, 'field_store_name', '门店名称', 'Store', 'Kedai', '字段名'),
  (1126, 'field_membership_id', '身份ID', 'Membership ID', 'ID keahlian', '字段名'),
  (1127, 'field_phone', '手机号', 'Phone', 'Telefon', '字段名'),
  (1128, 'field_code', '编码', 'Code', 'Kod', '字段名'),
  (1129, 'admin_menu_system', '系统管理', 'System', 'Sistem', '平台菜单'),
  (1130, 'admin_menu_roles', '角色管理', 'Roles', 'Peranan', '平台菜单'),
  (1131, 'admin_menu_menu', '菜单管理', 'Menus', 'Menu', '平台菜单'),
  (1132, 'admin_tenant_tree', '商户门店', 'Merchant stores', 'Kedai peniaga', '管理树'),
  (1133, 'admin_store_staff', '门店员工', 'Store staff', 'Pekerja kedai', '员工管理'),
  (1134, 'admin_tree_merchant', '商户', 'Merchant', 'Peniaga', '管理树'),
  (1135, 'admin_tree_store', '门店', 'Store', 'Kedai', '管理树'),
  (1136, 'field_name', '名称', 'Name', 'Nama', '字段名'),
  (1137, 'field_scope', '数据范围', 'Scope', 'Skop', '字段名'),
  (1138, 'field_description', '描述', 'Description', 'Penerangan', '字段名'),
  (1139, 'field_parent_menu', '上级菜单', 'Parent menu', 'Menu induk', '字段名'),
  (1140, 'field_sort_no', '排序', 'Sort', 'Susunan', '字段名'),
  (1141, 'field_visible', '显示', 'Visible', 'Kelihatan', '字段名'),
  (1142, 'admin_menu_departments', '部门管理', 'Departments', 'Jabatan', '平台菜单'),
  (1143, 'common_create', '新增', 'Create', 'Tambah', '通用操作'),
  (1144, 'common_edit', '修改', 'Edit', 'Ubah', '通用操作'),
  (1145, 'common_delete', '删除', 'Delete', 'Padam', '通用操作'),
  (1146, 'common_more', '更多', 'More', 'Lagi', '通用操作'),
  (1147, 'admin_action_assign_role', '分配角色', 'Assign role', 'Tetapkan peranan', '系统管理'),
  (1148, 'admin_action_reset_password', '重置密码', 'Reset password', 'Tetap semula kata laluan', '系统管理'),
  (1149, 'admin_action_menu_permission', '菜单权限', 'Menu permission', 'Kebenaran menu', '系统管理'),
  (1150, 'admin_action_data_permission', '数据权限', 'Data permission', 'Kebenaran data', '系统管理'),
  (1151, 'field_user_count', '用户数', 'Users', 'Pengguna', '字段名'),
  (1152, 'field_parent_id', '上级编号', 'Parent ID', 'ID induk', '字段名'),
  (1153, 'field_icon', '图标', 'Icon', 'Ikon', '字段名'),
  (1154, 'common_expand_collapse', '展开/折叠', 'Expand/Collapse', 'Kembang/Lipat', '通用操作'),
  (1155, 'history_orders', '订单', 'Orders', 'Pesanan', '服务员端'),
  (1156, 'history_orders_desc', '仅展示已结账订单，点击可查看详情。', 'Paid orders only. Tap an order to view the readonly detail.', 'Hanya pesanan yang telah dibayar. Ketuk untuk lihat butiran sahaja.', '服务员端'),
  (1157, 'history_empty', '暂无已结账订单', 'No paid orders yet', 'Tiada pesanan berbayar', '服务员端'),
  (1158, 'history_order_detail', '订单详情', 'Order detail', 'Butiran pesanan', '服务员端'),
  (1159, 'history_paid_at', '结账时间', 'Paid at', 'Masa bayar', '服务员端'),
  (1160, 'history_more_items', '个更多菜品', 'more items', 'hidangan lagi', '服务员端'),
  (1161, 'order_guest_count', '就餐人数', 'Guests', 'Tetamu', '服务员端'),
  (1162, 'order_filter_today', '今天', 'Today', 'Hari ini', '服务员端'),
  (1163, 'order_filter_week', '近一周', 'Last 7 days', '7 hari', '服务员端'),
  (1164, 'order_filter_month', '近一月', 'Last 30 days', '30 hari', '服务员端'),
  (1165, 'order_filter_custom', '自定义时间段', 'Custom', 'Tersuai', '服务员端'),
  (1166, 'order_filter_custom_title', '选择时间段', 'Select date range', 'Pilih julat tarikh', '服务员端'),
  (1167, 'order_filter_start', '开始', 'Start', 'Mula', '服务员端'),
  (1168, 'order_filter_end', '结束', 'End', 'Tamat', '服务员端'),
  (1219, 'common_change_password', '修改密码', 'Change password', 'Tukar kata laluan', '通用账号'),
  (1220, 'password_old', '旧密码', 'Old password', 'Kata laluan lama', '通用账号'),
  (1221, 'password_new', '新密码', 'New password', 'Kata laluan baharu', '通用账号'),
  (1222, 'password_confirm', '确认新密码', 'Confirm new password', 'Sahkan kata laluan baharu', '通用账号'),
  (1223, 'password_changed', '密码已修改', 'Password changed', 'Kata laluan telah ditukar', '通用账号'),
  (1224, 'password_mismatch', '两次输入密码不一致', 'The two passwords do not match', 'Kata laluan tidak sepadan', '通用账号'),
  (1225, 'password_length_tip', '新密码长度需在6到20个字符之间', 'New password must be 6 to 20 characters', 'Kata laluan baharu mesti 6 hingga 20 aksara', '通用账号'),
  (1226, 'password_required', '请完整填写密码信息', 'Please complete all password fields', 'Sila lengkapkan semua medan kata laluan', '通用账号'),
  (1227, 'mine_change_password_desc', '保护当前登录账号', 'Protect the current account', 'Lindungi akaun semasa', '服务员端'),
  (1228, 'password_show', '显示密码', 'Show password', 'Tunjuk kata laluan', '通用账号'),
  (1229, 'password_hide', '隐藏密码', 'Hide password', 'Sembunyi kata laluan', '通用账号')
ON DUPLICATE KEY UPDATE zh_cn = VALUES(zh_cn), en_us = VALUES(en_us), ms_my = VALUES(ms_my), remark = VALUES(remark);
